name,abs_start,abs_end
model.layers.0.self_attn.k_proj.weight_scale,116977,116981
model.layers.0.self_attn.o_proj.weight_scale,116981,116985
model.layers.0.self_attn.q_proj.weight_scale,116985,116989
model.layers.0.self_attn.v_proj.weight_scale,116989,116993
model.layers.1.self_attn.k_proj.weight_scale,175373,175377
model.layers.1.self_attn.o_proj.weight_scale,175377,175381
model.layers.1.self_attn.q_proj.weight_scale,175381,175385
model.layers.1.self_attn.v_proj.weight_scale,175385,175389
model.layers.10.self_attn.k_proj.weight_scale,233769,233773
model.layers.10.self_attn.o_proj.weight_scale,233773,233777
model.layers.10.self_attn.q_proj.weight_scale,233777,233781
model.layers.10.self_attn.v_proj.weight_scale,233781,233785
model.layers.11.self_attn.k_proj.weight_scale,292165,292169
model.layers.11.self_attn.o_proj.weight_scale,292169,292173
model.layers.11.self_attn.q_proj.weight_scale,292173,292177
model.layers.11.self_attn.v_proj.weight_scale,292177,292181
model.layers.12.self_attn.k_proj.weight_scale,350561,350565
model.layers.12.self_attn.o_proj.weight_scale,350565,350569
model.layers.12.self_attn.q_proj.weight_scale,350569,350573
model.layers.12.self_attn.v_proj.weight_scale,350573,350577
model.layers.13.self_attn.k_proj.weight_scale,408957,408961
model.layers.13.self_attn.o_proj.weight_scale,408961,408965
model.layers.13.self_attn.q_proj.weight_scale,408965,408969
model.layers.13.self_attn.v_proj.weight_scale,408969,408973
model.layers.14.self_attn.k_proj.weight_scale,467353,467357
model.layers.14.self_attn.o_proj.weight_scale,467357,467361
model.layers.14.self_attn.q_proj.weight_scale,467361,467365
model.layers.14.self_attn.v_proj.weight_scale,467365,467369
model.layers.15.self_attn.k_proj.weight_scale,525749,525753
model.layers.15.self_attn.o_proj.weight_scale,525753,525757
model.layers.15.self_attn.q_proj.weight_scale,525757,525761
model.layers.15.self_attn.v_proj.weight_scale,525761,525765
model.layers.16.self_attn.k_proj.weight_scale,584145,584149
model.layers.16.self_attn.o_proj.weight_scale,584149,584153
model.layers.16.self_attn.q_proj.weight_scale,584153,584157
model.layers.16.self_attn.v_proj.weight_scale,584157,584161
model.layers.17.self_attn.k_proj.weight_scale,642541,642545
model.layers.17.self_attn.o_proj.weight_scale,642545,642549
model.layers.17.self_attn.q_proj.weight_scale,642549,642553
model.layers.17.self_attn.v_proj.weight_scale,642553,642557
model.layers.18.self_attn.k_proj.weight_scale,700937,700941
model.layers.18.self_attn.o_proj.weight_scale,700941,700945
model.layers.18.self_attn.q_proj.weight_scale,700945,700949
model.layers.18.self_attn.v_proj.weight_scale,700949,700953
model.layers.19.self_attn.k_proj.weight_scale,759333,759337
model.layers.19.self_attn.o_proj.weight_scale,759337,759341
model.layers.19.self_attn.q_proj.weight_scale,759341,759345
model.layers.19.self_attn.v_proj.weight_scale,759345,759349
model.layers.2.self_attn.k_proj.weight_scale,817729,817733
model.layers.2.self_attn.o_proj.weight_scale,817733,817737
model.layers.2.self_attn.q_proj.weight_scale,817737,817741
model.layers.2.self_attn.v_proj.weight_scale,817741,817745
model.layers.20.self_attn.k_proj.weight_scale,876125,876129
model.layers.20.self_attn.o_proj.weight_scale,876129,876133
model.layers.20.self_attn.q_proj.weight_scale,876133,876137
model.layers.20.self_attn.v_proj.weight_scale,876137,876141
model.layers.21.self_attn.k_proj.weight_scale,934521,934525
model.layers.21.self_attn.o_proj.weight_scale,934525,934529
model.layers.21.self_attn.q_proj.weight_scale,934529,934533
model.layers.21.self_attn.v_proj.weight_scale,934533,934537
model.layers.22.self_attn.k_proj.weight_scale,992917,992921
model.layers.22.self_attn.o_proj.weight_scale,992921,992925
model.layers.22.self_attn.q_proj.weight_scale,992925,992929
model.layers.22.self_attn.v_proj.weight_scale,992929,992933
model.layers.23.self_attn.k_proj.weight_scale,1051313,1051317
model.layers.23.self_attn.o_proj.weight_scale,1051317,1051321
model.layers.23.self_attn.q_proj.weight_scale,1051321,1051325
model.layers.23.self_attn.v_proj.weight_scale,1051325,1051329
model.layers.24.self_attn.k_proj.weight_scale,1109709,1109713
model.layers.24.self_attn.o_proj.weight_scale,1109713,1109717
model.layers.24.self_attn.q_proj.weight_scale,1109717,1109721
model.layers.24.self_attn.v_proj.weight_scale,1109721,1109725
model.layers.25.self_attn.k_proj.weight_scale,1168105,1168109
model.layers.25.self_attn.o_proj.weight_scale,1168109,1168113
model.layers.25.self_attn.q_proj.weight_scale,1168113,1168117
model.layers.25.self_attn.v_proj.weight_scale,1168117,1168121
model.layers.26.self_attn.k_proj.weight_scale,1226501,1226505
model.layers.26.self_attn.o_proj.weight_scale,1226505,1226509
model.layers.26.self_attn.q_proj.weight_scale,1226509,1226513
model.layers.26.self_attn.v_proj.weight_scale,1226513,1226517
model.layers.27.self_attn.k_proj.weight_scale,1284897,1284901
model.layers.27.self_attn.o_proj.weight_scale,1284901,1284905
model.layers.27.self_attn.q_proj.weight_scale,1284905,1284909
model.layers.27.self_attn.v_proj.weight_scale,1284909,1284913
model.layers.28.self_attn.k_proj.weight_scale,1343293,1343297
model.layers.28.self_attn.o_proj.weight_scale,1343297,1343301
model.layers.28.self_attn.q_proj.weight_scale,1343301,1343305
model.layers.28.self_attn.v_proj.weight_scale,1343305,1343309
model.layers.29.self_attn.k_proj.weight_scale,1401689,1401693
model.layers.29.self_attn.o_proj.weight_scale,1401693,1401697
model.layers.29.self_attn.q_proj.weight_scale,1401697,1401701
model.layers.29.self_attn.v_proj.weight_scale,1401701,1401705
model.layers.3.self_attn.k_proj.weight_scale,1460085,1460089
model.layers.3.self_attn.o_proj.weight_scale,1460089,1460093
model.layers.3.self_attn.q_proj.weight_scale,1460093,1460097
model.layers.3.self_attn.v_proj.weight_scale,1460097,1460101
model.layers.4.self_attn.k_proj.weight_scale,1518481,1518485
model.layers.4.self_attn.o_proj.weight_scale,1518485,1518489
model.layers.4.self_attn.q_proj.weight_scale,1518489,1518493
model.layers.4.self_attn.v_proj.weight_scale,1518493,1518497
model.layers.5.self_attn.k_proj.weight_scale,1576877,1576881
model.layers.5.self_attn.o_proj.weight_scale,1576881,1576885
model.layers.5.self_attn.q_proj.weight_scale,1576885,1576889
model.layers.5.self_attn.v_proj.weight_scale,1576889,1576893
model.layers.6.self_attn.k_proj.weight_scale,1635273,1635277
model.layers.6.self_attn.o_proj.weight_scale,1635277,1635281
model.layers.6.self_attn.q_proj.weight_scale,1635281,1635285
model.layers.6.self_attn.v_proj.weight_scale,1635285,1635289
model.layers.7.self_attn.k_proj.weight_scale,1693669,1693673
model.layers.7.self_attn.o_proj.weight_scale,1693673,1693677
model.layers.7.self_attn.q_proj.weight_scale,1693677,1693681
model.layers.7.self_attn.v_proj.weight_scale,1693681,1693685
model.layers.8.self_attn.k_proj.weight_scale,1752065,1752069
model.layers.8.self_attn.o_proj.weight_scale,1752069,1752073
model.layers.8.self_attn.q_proj.weight_scale,1752073,1752077
model.layers.8.self_attn.v_proj.weight_scale,1752077,1752081
model.layers.9.self_attn.k_proj.weight_scale,1810461,1810465
model.layers.9.self_attn.o_proj.weight_scale,1810465,1810469
model.layers.9.self_attn.q_proj.weight_scale,1810469,1810473
model.layers.9.self_attn.v_proj.weight_scale,1810473,1810477
