name,layer_type,out_features,in_features,n,p_minus,p_zero,p_plus,H0,H1_row_prev,H1_col_prev,packed_bits_per_w_ref1p6,actual_aegis_packed_bits_per_w,rans0_bits_per_w,rans1_bits_per_w,zstd19_bits_per_w,xz9_bits_per_w,bytes_packed_ref,bytes_packed_actual,bytes_rans0,bytes_rans1,bytes_zstd19,bytes_xz9,n_anomaly_code3,roundtrip_mismatches
model.layers.0.mlp.down_proj.weight,ffn_down,2048,9216,18874368,0.3242609765794542,0.35159407721625435,0.32414494620429146,1.5838895577745422,1.5838438807109476,1.5838760132096383,1.6,2.0,1.5854322645399306,1.5853856404622395,1.5972781711154513,1.6096598307291667,3774873.6,4718592,3740504,3740394,3768452,3797664,0,0
model.layers.0.mlp.gate_proj.weight,ffn_gate,9216,2048,18874368,0.3281644715203179,0.3423111703660753,0.32952435811360675,1.5846999856897193,1.5846692834742386,1.5810340517686852,1.6,2.0,1.5862384372287326,1.5862070719401042,1.601849873860677,1.6150326199001737,3774873.6,4718592,3742406,3742332,3779238,3810340,0,0
model.layers.0.mlp.up_proj.weight,ffn_up,9216,2048,18874368,0.33647335900200737,0.32707346810234916,0.33645317289564347,1.5848348965217536,1.5848027866765375,1.584757130354688,1.6,2.0,1.5863605075412326,1.5863393147786458,1.6027573479546442,1.6160549587673612,3774873.6,4718592,3742694,3742644,3781379,3812752,0,0
model.layers.0.self_attn.k_proj.weight,attn_k,256,2048,524288,0.34288787841796875,0.31371498107910156,0.3433971405029297,1.5837000712731881,1.5833624178446493,1.5783792357717827,1.6,2.0,1.638427734375,1.6380615234375,1.587921142578125,1.588134765625,104857.6,131072,107376,107352,104066,104080,0,0
model.layers.0.self_attn.o_proj.weight,attn_o,2048,2048,4194304,0.311002254486084,0.37854552268981934,0.3104522228240967,1.5784624160827567,1.5782360215437916,1.5783906837191464,1.6,2.0,1.5853118896484375,1.5850677490234375,1.5822830200195312,1.5985565185546875,838860.8,1048576,831160,831032,829572,838104,0,0
model.layers.0.self_attn.q_proj.weight,attn_q,2048,2048,4194304,0.3273129463195801,0.345233678817749,0.3274533748626709,1.5845054405428938,1.583771370301605,1.58018078071751,1.6,2.0,1.5913734436035156,1.5906562805175781,1.5868892669677734,1.5741806030273438,838860.8,1048576,834338,833962,831987,825324,0,0
model.layers.0.self_attn.v_proj.weight,attn_v,256,2048,524288,0.31354522705078125,0.3723278045654297,0.31412696838378906,1.580114495245717,1.5801036818527598,1.5799313460246722,1.6,2.0,1.6348876953125,1.634979248046875,1.592926025390625,1.6226806640625,104857.6,131072,107144,107150,104394,106344,0,0
model.layers.1.mlp.down_proj.weight,ffn_down,2048,9216,18874368,0.3148828082614475,0.37035629484388566,0.3147608968946669,1.580588960666641,1.5805646318529352,1.5805876707515423,1.6,2.0,1.582135518391927,1.582110087076823,1.59031253390842,1.6067911783854167,3774873.6,4718592,3732726,3732666,3752018,3790896,0,0
model.layers.1.mlp.gate_proj.weight,ffn_gate,9216,2048,18874368,0.32233842213948566,0.3559827274746365,0.32167885038587785,1.5833147268694119,1.5833109278975215,1.5831875767415293,1.6,2.0,1.5848541259765625,1.584856669108073,1.5976376003689237,1.6149088541666667,3774873.6,4718592,3739140,3739146,3769300,3810048,0,0
model.layers.1.mlp.up_proj.weight,ffn_up,9216,2048,18874368,0.32132572597927517,0.3572097354465061,0.32146453857421875,1.5831329001426138,1.5831310828243748,1.5830826724801508,1.6,2.0,1.5846549140082464,1.584668477376302,1.5974862840440538,1.6147816975911458,3774873.6,4718592,3738670,3738702,3768943,3809748,0,0
model.layers.1.self_attn.k_proj.weight,attn_k,256,2048,524288,0.3278350830078125,0.3435516357421875,0.32861328125,1.5846245941541834,1.5828076185979891,1.583877468854224,1.6,2.0,1.63922119140625,1.6365966796875,1.5977020263671875,1.6124267578125,104857.6,131072,107428,107256,104707,105672,0,0
model.layers.1.self_attn.o_proj.weight,attn_o,2048,2048,4194304,0.31547975540161133,0.36911892890930176,0.3154013156890869,1.5808742438881782,1.5807636334502408,1.5808232560394715,1.6,2.0,1.5877265930175781,1.5876502990722656,1.5926246643066406,1.6121902465820312,838860.8,1048576,832426,832386,834994,845252,0,0
model.layers.1.self_attn.q_proj.weight,attn_q,2048,2048,4194304,0.3279104232788086,0.3441803455352783,0.3279092311859131,1.5845825980180717,1.5841961723386169,1.5840693042540153,1.6,2.0,1.5914230346679688,1.5910682678222656,1.5950946807861328,1.6064071655273438,838860.8,1048576,834364,834178,836289,842220,0,0
model.layers.1.self_attn.v_proj.weight,attn_v,256,2048,524288,0.3048248291015625,0.3901691436767578,0.3050060272216797,1.5747394336024172,1.574718837498466,1.5740207323947328,1.6,2.0,1.62933349609375,1.629486083984375,1.5855560302734375,1.61676025390625,104857.6,131072,106780,106790,103911,105956,0,0
model.layers.10.mlp.down_proj.weight,ffn_down,2048,9216,18874368,0.2959412998623318,0.4079270362854004,0.2961316638522678,1.567472072790152,1.5674701355589222,1.5674590723167252,1.6,2.0,1.5690027872721355,1.5689993964301214,1.5776735941569011,1.5992211235894098,3774873.6,4718592,3701742,3701734,3722199,3773036,0,0
model.layers.10.mlp.gate_proj.weight,ffn_gate,9216,2048,18874368,0.2969367239210341,0.4025813738505046,0.3004819022284614,1.5698440383218912,1.5698283970169835,1.569604099520907,1.6,2.0,1.571382310655382,1.571362813313802,1.5795059204101562,1.6003180609809027,3774873.6,4718592,3707356,3707310,3726522,3775624,0,0
model.layers.10.mlp.up_proj.weight,ffn_up,9216,2048,18874368,0.29149256812201607,0.41695690155029297,0.29155053032769096,1.5630524887606,1.563042539870146,1.5630253240379604,1.6,2.0,1.564592997233073,1.5645921495225694,1.5734002855088975,1.5938839382595487,3774873.6,4718592,3691338,3691336,3712117,3760444,0,0
model.layers.10.self_attn.k_proj.weight,attn_k,256,2048,524288,0.2955055236816406,0.4083995819091797,0.2960948944091797,1.5672524571268462,1.5644364038097747,1.5642182091280152,1.6,2.0,1.6221923828125,1.61944580078125,1.5790863037109375,1.5782470703125,104857.6,131072,106312,106132,103487,103432,0,0
model.layers.10.self_attn.o_proj.weight,attn_o,2048,2048,4194304,0.2880899906158447,0.42432618141174316,0.2875838279724121,1.5590865680916144,1.559011471906214,1.5590019894457408,1.6,2.0,1.5659675598144531,1.5658645629882812,1.568246841430664,1.5911788940429688,838860.8,1048576,821018,820964,822213,834236,0,0
model.layers.10.self_attn.q_proj.weight,attn_q,2048,2048,4194304,0.27858829498291016,0.4430203437805176,0.27839136123657227,1.5475912816430095,1.544419677524198,1.5442911817843439,1.6,2.0,1.5544509887695312,1.5512809753417969,1.5452747344970703,1.5404739379882812,838860.8,1048576,814980,813318,810169,807652,0,0
model.layers.10.self_attn.v_proj.weight,attn_v,256,2048,524288,0.2678546905517578,0.46422386169433594,0.26792144775390625,1.5320798712473414,1.5320801420976626,1.531922124308053,1.6,2.0,1.587066650390625,1.587127685546875,1.537445068359375,1.57476806640625,104857.6,131072,104010,104014,100758,103204,0,0
model.layers.11.mlp.down_proj.weight,ffn_down,2048,9216,18874368,0.29203001658121747,0.41600921418931747,0.29196076922946507,1.5635391084495862,1.5635379767435191,1.5635193367152622,1.6,2.0,1.565076192220052,1.565076192220052,1.5741640726725261,1.594392564561632,3774873.6,4718592,3692478,3692478,3713919,3761644,0,0
model.layers.11.mlp.gate_proj.weight,ffn_gate,9216,2048,18874368,0.2843996153937446,0.4278233316209581,0.2877770529852973,1.5570782863548964,1.557052926343875,1.5568288899293785,1.6,2.0,1.55861324734158,1.558595445421007,1.566159142388238,1.5879652235243056,3774873.6,4718592,3677230,3677188,3695033,3746480,0,0
model.layers.11.mlp.up_proj.weight,ffn_up,9216,2048,18874368,0.3005560768975152,0.39886882570054794,0.30057509740193683,1.571416226710451,1.571404856626506,1.5713934757025374,1.6,2.0,1.5729395548502605,1.5729378594292536,1.5814539591471355,1.6021796332465277,3774873.6,4718592,3711030,3711026,3731118,3780016,0,0
model.layers.11.self_attn.k_proj.weight,attn_k,256,2048,524288,0.2785358428955078,0.4439735412597656,0.27749061584472656,1.5469488564060057,1.5433251147984905,1.5446218232521716,1.6,2.0,1.6019287109375,1.598663330078125,1.543182373046875,1.55364990234375,104857.6,131072,104984,104770,101134,101820,0,0
model.layers.11.self_attn.o_proj.weight,attn_o,2048,2048,4194304,0.30013608932495117,0.39990735054016113,0.2999565601348877,1.5709889829108823,1.5709584720905274,1.570978148263843,1.6,2.0,1.5778236389160156,1.5778465270996094,1.5817527770996094,1.6038131713867188,838860.8,1048576,827234,827246,829294,840860,0,0
model.layers.11.self_attn.q_proj.weight,attn_q,2048,2048,4194304,0.28093886375427246,0.4376802444458008,0.28138089179992676,1.5510841692138801,1.548950739781382,1.5489708688671624,1.6,2.0,1.5579643249511719,1.5557899475097656,1.5418548583984375,1.5511932373046875,838860.8,1048576,816822,815682,808376,813272,0,0
model.layers.11.self_attn.v_proj.weight,attn_v,256,2048,524288,0.3136005401611328,0.3727893829345703,0.3136100769042969,1.5800004188471262,1.5799971187700237,1.579804848886668,1.6,2.0,1.635711669921875,1.63604736328125,1.5915985107421875,1.62518310546875,104857.6,131072,107198,107220,104307,106508,0,0
model.layers.12.mlp.down_proj.weight,ffn_down,2048,9216,18874368,0.29755141999986434,0.40520715713500977,0.2972414228651259,1.568707932835022,1.5687081561562861,1.5686711334550067,1.6,2.0,1.570240444607205,1.5702480740017362,1.5789646572536893,1.6004486083984375,3774873.6,4718592,3704662,3704680,3725245,3775932,0,0
model.layers.12.mlp.gate_proj.weight,ffn_gate,9216,2048,18874368,0.28142918480767143,0.4347426626417372,0.28382815255059135,1.5529273772574865,1.5528972380071169,1.552597209157041,1.6,2.0,1.554472181532118,1.5544467502170138,1.5616713629828558,1.5828467475043402,3774873.6,4718592,3667460,3667400,3684445,3734404,0,0
model.layers.12.mlp.up_proj.weight,ffn_up,9216,2048,18874368,0.30101002587212455,0.3982004059685601,0.30078956815931535,1.5716876965141067,1.5716753860606096,1.5716686451605537,1.6,2.0,1.573226081000434,1.5732142130533855,1.5817591349283855,1.6033511691623263,3774873.6,4718592,3711706,3711678,3731838,3782780,0,0
model.layers.12.self_attn.k_proj.weight,attn_k,256,2048,524288,0.27045249938964844,0.45830726623535156,0.271240234375,1.536670451267533,1.533758328598787,1.5349005003276486,1.6,2.0,1.59136962890625,1.5888671875,1.541534423828125,1.5491943359375,104857.6,131072,104292,104128,101026,101528,0,0
model.layers.12.self_attn.o_proj.weight,attn_o,2048,2048,4194304,0.2972838878631592,0.40558600425720215,0.29713010787963867,1.5685385221560644,1.5685315113848484,1.5685236786762153,1.6,2.0,1.5753707885742188,1.5753860473632812,1.5796737670898438,1.6011428833007812,838860.8,1048576,825948,825956,828204,839460,0,0
model.layers.12.self_attn.q_proj.weight,attn_q,2048,2048,4194304,0.2923870086669922,0.41461873054504395,0.29299426078796387,1.564242995496157,1.5637188652668024,1.5636647496908904,1.6,2.0,1.5710945129394531,1.5705833435058594,1.5718059539794922,1.5824661254882812,838860.8,1048576,823706,823438,824079,829668,0,0
model.layers.12.self_attn.v_proj.weight,attn_v,256,2048,524288,0.2682075500488281,0.4626636505126953,0.26912879943847656,1.5333092213639852,1.533292077952959,1.533118746459499,1.6,2.0,1.587860107421875,1.588104248046875,1.540313720703125,1.57867431640625,104857.6,131072,104062,104078,100946,103460,0,0
model.layers.13.mlp.down_proj.weight,ffn_down,2048,9216,18874368,0.29466655519273544,0.4107174343532986,0.2946160104539659,1.5661582150288265,1.5661586625705257,1.5661273105127378,1.6,2.0,1.5676998562282987,1.5676964653862848,1.5763888888888888,1.5967814127604167,3774873.6,4718592,3698668,3698660,3719168,3767280,0,0
model.layers.13.mlp.gate_proj.weight,ffn_gate,9216,2048,18874368,0.2896007431877984,0.4190103742811415,0.2913888825310601,1.5619758174996214,1.5619460390111417,1.5616743235813533,1.6,2.0,1.5635130140516493,1.5634867350260417,1.572130839029948,1.5920240614149306,3774873.6,4718592,3688790,3688728,3709122,3756056,0,0
model.layers.13.mlp.up_proj.weight,ffn_up,9216,2048,18874368,0.2888425721062554,0.4221596188015408,0.2889978090922038,1.5602860975528139,1.560267400314061,1.560263659224291,1.6,2.0,1.5618218315972223,1.5618082682291667,1.5701255798339844,1.5915561252170138,3774873.6,4718592,3684800,3684768,3704391,3754952,0,0
model.layers.13.self_attn.k_proj.weight,attn_k,256,2048,524288,0.26168251037597656,0.47595787048339844,0.262359619140625,1.5223730304378287,1.5175474165156828,1.518246257244091,1.6,2.0,1.576812744140625,1.57232666015625,1.5211029052734375,1.52099609375,104857.6,131072,103338,103044,99687,99680,0,0
model.layers.13.self_attn.o_proj.weight,attn_o,2048,2048,4194304,0.29884910583496094,0.40243077278137207,0.298720121383667,1.5699239652773795,1.5698725503156163,1.5698941115185587,1.6,2.0,1.5767822265625,1.5767593383789062,1.5800743103027344,1.6023406982421875,838860.8,1048576,826688,826676,828414,840088,0,0
model.layers.13.self_attn.q_proj.weight,attn_q,2048,2048,4194304,0.28252243995666504,0.4351480007171631,0.2823295593261719,1.552682373921148,1.5503799461386678,1.5503469157069802,1.6,2.0,1.5595169067382812,1.5573043823242188,1.5528488159179688,1.5522689819335938,838860.8,1048576,817636,816476,814140,813836,0,0
model.layers.13.self_attn.v_proj.weight,attn_v,256,2048,524288,0.2657661437988281,0.46831512451171875,0.2659187316894531,1.5287861685151247,1.5287659892028447,1.5283592883687875,1.6,2.0,1.58349609375,1.5836181640625,1.534271240234375,1.5731201171875,104857.6,131072,103776,103784,100550,103096,0,0
model.layers.14.mlp.down_proj.weight,ffn_down,2048,9216,18874368,0.2973617977566189,0.40514908896552193,0.29748911327785915,1.5687339338513766,1.5687318287875918,1.5686902797871696,1.6,2.0,1.5702743530273438,1.5702794392903645,1.5792291429307725,1.5995839436848958,3774873.6,4718592,3704742,3704754,3725869,3773892,0,0
model.layers.14.mlp.gate_proj.weight,ffn_gate,9216,2048,18874368,0.27801815668741864,0.44155841403537327,0.2804234292772081,1.5485567345031153,1.5484985177877366,1.5482630679644267,1.6,2.0,1.550081041124132,1.5500352647569444,1.5571437411838107,1.5785641140407987,3774873.6,4718592,3657100,3656992,3673763,3724300,0,0
model.layers.14.mlp.up_proj.weight,ffn_up,9216,2048,18874368,0.30009301503499347,0.3997846709357368,0.30012231402926975,1.5710398236908558,1.57102137083433,1.5710255456637714,1.6,2.0,1.5725767347547743,1.5725623236762152,1.5810623168945312,1.6015370686848958,3774873.6,4718592,3710174,3710140,3730194,3778500,0,0
model.layers.14.self_attn.k_proj.weight,attn_k,256,2048,524288,0.2788867950439453,0.44375038146972656,0.2773628234863281,1.5470978206953663,1.5378360206156048,1.538821069595966,1.6,2.0,1.601654052734375,1.59246826171875,1.54669189453125,1.52618408203125,104857.6,131072,104966,104364,101364,100020,0,0
model.layers.14.self_attn.o_proj.weight,attn_o,2048,2048,4194304,0.30183959007263184,0.39618992805480957,0.3019704818725586,1.5724882185758413,1.5724442995340593,1.5724620578192496,1.6,2.0,1.5793838500976562,1.5793304443359375,1.5835208892822266,1.6048736572265625,838860.8,1048576,828052,828024,830221,841416,0,0
model.layers.14.self_attn.q_proj.weight,attn_q,2048,2048,4194304,0.25969934463500977,0.47989583015441895,0.2604048252105713,1.518936954957444,1.5136870991211016,1.5135647928472458,1.6,2.0,1.5257453918457031,1.5206260681152344,1.5135822296142578,1.499237060546875,838860.8,1048576,799930,797246,793553,786032,0,0
model.layers.14.self_attn.v_proj.weight,attn_v,256,2048,524288,0.3169269561767578,0.3668384552001953,0.3162345886230469,1.5813746051433935,1.5813555796916186,1.580529849986368,1.6,2.0,1.637054443359375,1.63726806640625,1.594268798828125,1.62615966796875,104857.6,131072,107286,107300,104482,106572,0,0
model.layers.15.mlp.down_proj.weight,ffn_down,2048,9216,18874368,0.2964824570549859,0.4072534243265788,0.2962641186184353,1.5677822733679432,1.5677839182763353,1.5677112941571836,1.6,2.0,1.5693113538953993,1.5693155924479167,1.5781389872233074,1.5987481011284723,3774873.6,4718592,3702470,3702480,3723297,3771920,0,0
model.layers.15.mlp.gate_proj.weight,ffn_gate,9216,2048,18874368,0.29015519883897567,0.41811015870836044,0.29173464245266384,1.5624500332391267,1.562378232761462,1.5622037572796108,1.6,2.0,1.5639851888020833,1.56392330593533,1.5727276272243924,1.5924852159288194,3774873.6,4718592,3689904,3689758,3710530,3757144,0,0
model.layers.15.mlp.up_proj.weight,ffn_up,9216,2048,18874368,0.29999860127766925,0.39991866217719185,0.3000827365451389,1.5709843243068882,1.5709506411584748,1.5709719019800077,1.6,2.0,1.5725343492296007,1.5724885728624132,1.5810525682237413,1.6019049750434027,3774873.6,4718592,3710074,3709966,3730171,3779368,0,0
model.layers.15.self_attn.k_proj.weight,attn_k,256,2048,524288,0.20920181274414062,0.5822010040283203,0.20859718322753906,1.3982129801804986,1.3641940741087835,1.3678295478713887,1.6,2.0,1.453033447265625,1.419219970703125,1.3385162353515625,1.30487060546875,104857.6,131072,95226,93010,87721,85516,0,0
model.layers.15.self_attn.o_proj.weight,attn_o,2048,2048,4194304,0.2979121208190918,0.40418291091918945,0.29790496826171875,1.5691620013964074,1.569146400133484,1.569148949614317,1.6,2.0,1.5760269165039062,1.5760383605957031,1.5794105529785156,1.60150146484375,838860.8,1048576,826292,826298,828066,839648,0,0
model.layers.15.self_attn.q_proj.weight,attn_q,2048,2048,4194304,0.24287676811218262,0.5149068832397461,0.2422163486480713,1.4844511957250432,1.472906933993635,1.4719818604484112,1.6,2.0,1.4913406372070312,1.4797935485839844,1.4618473052978516,1.44293212890625,838860.8,1048576,781892,775838,766429,756512,0,0
model.layers.15.self_attn.v_proj.weight,attn_v,256,2048,524288,0.267547607421875,0.46329498291015625,0.26915740966796875,1.5328106693314794,1.5328174871933153,1.5325133431556321,1.6,2.0,1.58740234375,1.58758544921875,1.5398406982421875,1.57763671875,104857.6,131072,104032,104044,100915,103392,0,0
model.layers.16.mlp.down_proj.weight,ffn_down,2048,9216,18874368,0.28288910124037003,0.4341921806335449,0.28291871812608504,1.553275819881196,1.5532697819624022,1.5532151211068412,1.6,2.0,1.554811265733507,1.5548155042860243,1.562233395046658,1.584898206922743,3774873.6,4718592,3668260,3668270,3685771,3739244,0,0
model.layers.16.mlp.gate_proj.weight,ffn_gate,9216,2048,18874368,0.2738664944966634,0.4488837454054091,0.2772497600979275,1.5435489311373032,1.543488338047057,1.5432504164056886,1.6,2.0,1.5450803968641493,1.5450346204969618,1.551327599419488,1.5734795464409723,3774873.6,4718592,3645302,3645194,3660041,3712304,0,0
model.layers.16.mlp.up_proj.weight,ffn_up,9216,2048,18874368,0.2991336186726888,0.4015802807278103,0.2992861005995009,1.5702871880630123,1.57025596095523,1.570268868907347,1.6,2.0,1.5718104044596355,1.5718010796440973,1.5805507236056857,1.600557115342882,3774873.6,4718592,3708366,3708344,3728987,3776188,0,0
model.layers.16.self_attn.k_proj.weight,attn_k,256,2048,524288,0.2590198516845703,0.480743408203125,0.2602367401123047,1.5181843202398624,1.4814813367973274,1.4861339461269647,1.6,2.0,1.572845458984375,1.53656005859375,1.4429473876953125,1.4298095703125,104857.6,131072,103078,100700,94565,93704,0,0
model.layers.16.self_attn.o_proj.weight,attn_o,2048,2048,4194304,0.2728402614593506,0.4541018009185791,0.2730579376220703,1.5398110790876842,1.5397449759014388,1.539765400661314,1.6,2.0,1.546661376953125,1.5466384887695312,1.5471973419189453,1.5722122192382812,838860.8,1048576,810896,810884,811177,824292,0,0
model.layers.16.self_attn.q_proj.weight,attn_q,2048,2048,4194304,0.2437419891357422,0.5124647617340088,0.24379324913024902,1.487086884051728,1.4745862796795854,1.474165285416996,1.6,2.0,1.4939117431640625,1.4815025329589844,1.4610862731933594,1.444976806640625,838860.8,1048576,783240,776734,766030,757584,0,0
model.layers.16.self_attn.v_proj.weight,attn_v,256,2048,524288,0.25238800048828125,0.49598121643066406,0.2516307830810547,1.503971361610376,1.50398089824394,1.5037866163659945,1.6,2.0,1.558807373046875,1.5589599609375,1.5067291259765625,1.5496826171875,104857.6,131072,102158,102168,98745,101560,0,0
model.layers.17.mlp.down_proj.weight,ffn_down,2048,9216,18874368,0.2809702555338542,0.4379412333170573,0.28108851114908856,1.5509175644010815,1.5509235585517165,1.5508331545561633,1.6,2.0,1.552445305718316,1.5524495442708333,1.5595537821451824,1.5816582573784723,3774873.6,4718592,3662678,3662688,3679449,3731600,0,0
model.layers.17.mlp.gate_proj.weight,ffn_gate,9216,2048,18874368,0.2908194859822591,0.4150691032409668,0.2941114107767741,1.5640032117900948,1.5639558048178877,1.5637270585513598,1.6,2.0,1.5655458238389757,1.56551021999783,1.5741835700141058,1.5935838487413194,3774873.6,4718592,3693586,3693502,3713965,3759736,0,0
model.layers.17.mlp.up_proj.weight,ffn_up,9216,2048,18874368,0.28659889433119035,0.42702584796481663,0.2863752577039931,1.5575537127948222,1.5575233772792052,1.5575396215992976,1.6,2.0,1.5590871175130208,1.559067620171441,1.5664999220106337,1.5876040988498263,3774873.6,4718592,3678348,3678302,3695837,3745628,0,0
model.layers.17.self_attn.k_proj.weight,attn_k,256,2048,524288,0.2229595184326172,0.5541896820068359,0.22285079956054688,1.4373206225832607,1.4286320817470584,1.4309886468839972,1.6,2.0,1.492156982421875,1.48358154296875,1.42938232421875,1.42449951171875,104857.6,131072,97790,97228,93676,93356,0,0
model.layers.17.self_attn.o_proj.weight,attn_o,2048,2048,4194304,0.30419158935546875,0.3920409679412842,0.30376744270324707,1.5740628527454985,1.5740315657719024,1.574024677426244,1.6,2.0,1.5809326171875,1.5809440612792969,1.5845317840576172,1.6062393188476562,838860.8,1048576,828864,828870,830751,842132,0,0
model.layers.17.self_attn.q_proj.weight,attn_q,2048,2048,4194304,0.2394568920135498,0.5202810764312744,0.24026203155517578,1.4785307985481295,1.4724738304592153,1.472407600307604,1.6,2.0,1.4853363037109375,1.479339599609375,1.4662590026855469,1.4558334350585938,838860.8,1048576,778744,775600,768742,763276,0,0
model.layers.17.self_attn.v_proj.weight,attn_v,256,2048,524288,0.2739696502685547,0.45131683349609375,0.27471351623535156,1.5418330719757343,1.541828492316574,1.5410608272593,1.6,2.0,1.596954345703125,1.59710693359375,1.5505523681640625,1.58624267578125,104857.6,131072,104658,104668,101617,103956,0,0
model.layers.18.mlp.down_proj.weight,ffn_down,2048,9216,18874368,0.2788008583916558,0.4426131248474121,0.2785860167609321,1.5478635215288346,1.5478614510492215,1.5477336507006942,1.6,2.0,1.5493943956163194,1.5493977864583333,1.5559815300835504,1.5791185167100694,3774873.6,4718592,3655480,3655488,3671021,3725608,0,0
model.layers.18.mlp.gate_proj.weight,ffn_gate,9216,2048,18874368,0.2902655601501465,0.415822876824273,0.2939115630255805,1.5636177533062032,1.5635183718520524,1.5634133099285217,1.6,2.0,1.5651643541124132,1.5650694105360243,1.5738665262858074,1.5931939019097223,3774873.6,4718592,3692686,3692462,3713217,3758816,0,0
model.layers.18.mlp.up_proj.weight,ffn_up,9216,2048,18874368,0.29718801710340714,0.4060471322801378,0.2967648506164551,1.568330862956837,1.5682852874104434,1.568323016718106,1.6,2.0,1.5698623657226562,1.5698310004340277,1.5785530938042536,1.5980665418836806,3774873.6,4718592,3703770,3703696,3724274,3770312,0,0
model.layers.18.self_attn.k_proj.weight,attn_k,256,2048,524288,0.25398826599121094,0.4921245574951172,0.2538871765136719,1.5076964612106174,1.5033207185133615,1.5054208377033964,1.6,2.0,1.56256103515625,1.558319091796875,1.5093536376953125,1.5125732421875,104857.6,131072,102404,102126,98917,99128,0,0
model.layers.18.self_attn.o_proj.weight,attn_o,2048,2048,4194304,0.3077247142791748,0.3837547302246094,0.3085205554962158,1.5768952894121704,1.576833807347215,1.5768537465315666,1.6,2.0,1.5837821960449219,1.5837821960449219,1.5887699127197266,1.6092758178710938,838860.8,1048576,830358,830358,832973,843724,0,0
model.layers.18.self_attn.q_proj.weight,attn_q,2048,2048,4194304,0.2693004608154297,0.46165990829467773,0.2690396308898926,1.534094418658463,1.5302582943832024,1.5304350830114455,1.6,2.0,1.540985107421875,1.5371665954589844,1.523508071899414,1.522613525390625,838860.8,1048576,807920,805918,798757,798288,0,0
model.layers.18.self_attn.v_proj.weight,attn_v,256,2048,524288,0.324676513671875,0.34762001037597656,0.32770347595214844,1.5842944021037484,1.5842743792238263,1.5831658959007422,1.6,2.0,1.640472412109375,1.640594482421875,1.60089111328125,1.62762451171875,104857.6,131072,107510,107518,104916,106668,0,0
model.layers.19.mlp.down_proj.weight,ffn_down,2048,9216,18874368,0.2831767400105794,0.4334750175476074,0.28334824244181317,1.5537174954710733,1.5537175674638573,1.5535009267397135,1.6,2.0,1.5552630954318576,1.5552614000108507,1.5620095994737413,1.5843912760416667,3774873.6,4718592,3669326,3669322,3685243,3738048,0,0
model.layers.19.mlp.gate_proj.weight,ffn_gate,9216,2048,18874368,0.2897089852227105,0.41820282406277126,0.29208819071451825,1.5623976052226318,1.5622364257668675,1.5622240996275845,1.6,2.0,1.5639250013563368,1.5637681749131944,1.5720172458224826,1.5901353624131944,3774873.6,4718592,3689762,3689392,3708854,3751600,0,0
model.layers.19.mlp.up_proj.weight,ffn_up,9216,2048,18874368,0.28629302978515625,0.42736636267768013,0.2863406075371636,1.5573573445523339,1.5572807855501076,1.557353653338883,1.6,2.0,1.558897230360243,1.558820088704427,1.566098107231988,1.5872073703342013,3774873.6,4718592,3677900,3677718,3694889,3744692,0,0
model.layers.19.self_attn.k_proj.weight,attn_k,256,2048,524288,0.24539756774902344,0.5096931457519531,0.24490928649902344,1.4900353836876703,1.4705561869315391,1.4738682090127817,1.6,2.0,1.544586181640625,1.52569580078125,1.4745941162109375,1.44384765625,104857.6,131072,101226,99988,96639,94624,0,0
model.layers.19.self_attn.o_proj.weight,attn_o,2048,2048,4194304,0.2776315212249756,0.4450795650482178,0.27728891372680664,1.5461996270322342,1.546091647336163,1.5461167274843621,1.6,2.0,1.5530929565429688,1.5530014038085938,1.5548439025878906,1.5778274536132812,838860.8,1048576,814268,814220,815186,827236,0,0
model.layers.19.self_attn.q_proj.weight,attn_q,2048,2048,4194304,0.25385427474975586,0.4928433895111084,0.25330233573913574,1.5070083909100478,1.4988432035881507,1.498507060695875,1.6,2.0,1.5138893127441406,1.5056991577148438,1.4891090393066406,1.4779129028320312,838860.8,1048576,793714,789420,780722,774852,0,0
model.layers.19.self_attn.v_proj.weight,attn_v,256,2048,524288,0.32434844970703125,0.3525524139404297,0.32309913635253906,1.5837727907137809,1.5837110490675523,1.5823385529026321,1.6,2.0,1.637298583984375,1.63720703125,1.5939483642578125,1.62298583984375,104857.6,131072,107302,107296,104461,106364,0,0
model.layers.2.mlp.down_proj.weight,ffn_down,2048,9216,18874368,0.308100594414605,0.3840229246351454,0.30787648095024955,1.5768108208279097,1.5767924612343414,1.576809689723437,1.6,2.0,1.5783471001519098,1.5783335367838542,1.5870806376139324,1.6050516764322917,3774873.6,4718592,3723788,3723756,3744393,3786792,0,0
model.layers.2.mlp.gate_proj.weight,ffn_gate,9216,2048,18874368,0.3166065216064453,0.36703311072455513,0.31636036766899955,1.5813335863956737,1.5813296755336588,1.5812039761049412,1.6,2.0,1.5828721788194444,1.5828798082139757,1.5936563279893663,1.6129082573784723,3774873.6,4718592,3734464,3734482,3759907,3805328,0,0
model.layers.2.mlp.up_proj.weight,ffn_up,9216,2048,18874368,0.314929379357232,0.37015697691175675,0.3149136437310113,1.5806355702820278,1.5806334759695932,1.5805976841196265,1.6,2.0,1.5821762084960938,1.5821770562065973,1.5924284193250868,1.6122283935546875,3774873.6,4718592,3732822,3732824,3757010,3803724,0,0
model.layers.2.self_attn.k_proj.weight,attn_k,256,2048,524288,0.30873680114746094,0.380462646484375,0.31080055236816406,1.5779005142969496,1.5652924505367318,1.568797581975478,1.6,2.0,1.632904052734375,1.621063232421875,1.543731689453125,1.54449462890625,104857.6,131072,107014,106238,101170,101220,0,0
model.layers.2.self_attn.o_proj.weight,attn_o,2048,2048,4194304,0.3086228370666504,0.38245677947998047,0.30892038345336914,1.5773018213519472,1.5771477258509838,1.5772275235409927,1.6,2.0,1.5841560363769531,1.5839920043945312,1.5885372161865234,1.6087646484375,838860.8,1048576,830554,830468,832851,843456,0,0
model.layers.2.self_attn.q_proj.weight,attn_q,2048,2048,4194304,0.3123476505279541,0.3747408390045166,0.3129115104675293,1.5795015976510558,1.577891687451308,1.5775568942327765,1.6,2.0,1.5863723754882812,1.5848312377929688,1.5742244720458984,1.5866241455078125,838860.8,1048576,831716,830908,825347,831848,0,0
model.layers.2.self_attn.v_proj.weight,attn_v,256,2048,524288,0.3028907775878906,0.3944282531738281,0.30268096923828125,1.5731695717250536,1.5731544940721531,1.5728215150623395,1.6,2.0,1.628204345703125,1.628387451171875,1.5837554931640625,1.61627197265625,104857.6,131072,106706,106718,103793,105924,0,0
model.layers.20.mlp.down_proj.weight,ffn_down,2048,9216,18874368,0.2810431586371528,0.43806256188286674,0.28089427947998047,1.5508398584966598,1.550832520509345,1.550668455079335,1.6,2.0,1.5523740980360243,1.5523732503255208,1.5597750345865886,1.5813225640190973,3774873.6,4718592,3662510,3662508,3679971,3730808,0,0
model.layers.20.mlp.gate_proj.weight,ffn_gate,9216,2048,18874368,0.2669648594326443,0.4623206986321343,0.2707144419352214,1.533560079009035,1.5334647191698847,1.5333186362945659,1.6,2.0,1.535106235080295,1.5349994235568576,1.5386229621039496,1.5626458062065973,3774873.6,4718592,3621770,3621518,3630067,3686744,0,0
model.layers.20.mlp.up_proj.weight,ffn_up,9216,2048,18874368,0.28736469480726456,0.42513582441541886,0.28749948077731663,1.558631593864372,1.5585857307635003,1.558620840307612,1.6,2.0,1.560178968641493,1.5601331922743056,1.5682623121473525,1.5880872938368056,3774873.6,4718592,3680924,3680816,3699995,3746768,0,0
model.layers.20.self_attn.k_proj.weight,attn_k,256,2048,524288,0.23113632202148438,0.5368442535400391,0.23201942443847656,1.4592340651096476,1.437251681476365,1.4407361517707893,1.6,2.0,1.514129638671875,1.492767333984375,1.4261016845703125,1.4019775390625,104857.6,131072,99230,97830,93461,91880,0,0
model.layers.20.self_attn.o_proj.weight,attn_o,2048,2048,4194304,0.303844690322876,0.39221858978271484,0.3039367198944092,1.573997768067393,1.5739427727331083,1.5739590350805002,1.6,2.0,1.5808830261230469,1.5808792114257812,1.5847949981689453,1.6047210693359375,838860.8,1048576,828838,828836,830889,841336,0,0
model.layers.20.self_attn.q_proj.weight,attn_q,2048,2048,4194304,0.24898791313171387,0.5024008750915527,0.2486112117767334,1.4975822871636815,1.4924224811910412,1.491778621064947,1.6,2.0,1.504425048828125,1.4993171691894531,1.49163818359375,1.4797744750976562,838860.8,1048576,788752,786074,782048,775828,0,0
model.layers.20.self_attn.v_proj.weight,attn_v,256,2048,524288,0.32236289978027344,0.35517120361328125,0.3224658966064453,1.583430563302409,1.5833790016505045,1.5822762097322403,1.6,2.0,1.636566162109375,1.636871337890625,1.59832763671875,1.62335205078125,104857.6,131072,107254,107274,104748,106388,0,0
model.layers.21.mlp.down_proj.weight,ffn_down,2048,9216,18874368,0.26945628060234916,0.4609770245022244,0.26956669489542645,1.5346246369505518,1.5346183386840955,1.5345386303079191,1.6,2.0,1.5361692640516493,1.5361624823676214,1.540609147813585,1.5648142496744792,3774873.6,4718592,3624278,3624262,3634753,3691860,0,0
model.layers.21.mlp.gate_proj.weight,ffn_gate,9216,2048,18874368,0.27669604619344074,0.44295279184977215,0.2803511619567871,1.547619260851502,1.5475748499437874,1.5473224333854145,1.6,2.0,1.549162122938368,1.5491095648871527,1.556007809109158,1.5770229763454862,3774873.6,4718592,3654932,3654808,3671083,3720664,0,0
model.layers.21.mlp.up_proj.weight,ffn_up,9216,2048,18874368,0.30063703325059676,0.39870871437920463,0.30065425237019855,1.5714815126318165,1.5714628133405633,1.571460193031382,1.6,2.0,1.573014153374566,1.5730005900065105,1.5817752414279513,1.6019287109375,3774873.6,4718592,3711206,3711174,3731876,3779424,0,0
model.layers.21.self_attn.k_proj.weight,attn_k,256,2048,524288,0.20867538452148438,0.5818881988525391,0.20943641662597656,1.3986748696120392,1.3734607358841755,1.3777975071977338,1.6,2.0,1.453765869140625,1.428558349609375,1.358306884765625,1.3338623046875,104857.6,131072,95274,93622,89018,87416,0,0
model.layers.21.self_attn.o_proj.weight,attn_o,2048,2048,4194304,0.2862050533294678,0.42768168449401855,0.28611326217651367,1.557174831568138,1.5571278304419973,1.5571636611030497,1.6,2.0,1.564056396484375,1.5640335083007812,1.5705852508544922,1.5884552001953125,838860.8,1048576,820016,820004,823439,832808,0,0
model.layers.21.self_attn.q_proj.weight,attn_q,2048,2048,4194304,0.24690485000610352,0.5065255165100098,0.24656963348388672,1.4933514490064876,1.4828021634481527,1.4827341593427807,1.6,2.0,1.5002784729003906,1.4896812438964844,1.4740333557128906,1.4403076171875,838860.8,1048576,786578,781022,772818,755136,0,0
model.layers.21.self_attn.v_proj.weight,attn_v,256,2048,524288,0.29108428955078125,0.4152374267578125,0.29367828369140625,1.5639231735414982,1.5639274291112888,1.5626164755142753,1.6,2.0,1.618743896484375,1.619049072265625,1.5747833251953125,1.60809326171875,104857.6,131072,106086,106106,103205,105388,0,0
model.layers.22.mlp.down_proj.weight,ffn_down,2048,9216,18874368,0.2849122683207194,0.43020200729370117,0.2848857243855794,1.5556950501681928,1.5556992784406714,1.555412494669198,1.6,2.0,1.5572323269314237,1.5572391086154513,1.5648375617133246,1.5871022542317708,3774873.6,4718592,3673972,3673988,3691915,3744444,0,0
model.layers.22.mlp.gate_proj.weight,ffn_gate,9216,2048,18874368,0.2906363805135091,0.41146718131171334,0.29789643817477757,1.565732669574313,1.5656634493251977,1.565515025938749,1.6,2.0,1.567271762424045,1.5672064887152777,1.5763511657714844,1.5948096381293402,3774873.6,4718592,3697658,3697504,3719079,3762628,0,0
model.layers.22.mlp.up_proj.weight,ffn_up,9216,2048,18874368,0.28780343797471786,0.4242623647054036,0.28793419731987846,1.5591225880587556,1.55909736526641,1.5590840038623504,1.6,2.0,1.5606604682074652,1.5606460571289062,1.5683224995930989,1.5898674858940973,3774873.6,4718592,3682060,3682026,3700137,3750968,0,0
model.layers.22.self_attn.k_proj.weight,attn_k,256,2048,524288,0.2950553894042969,0.4091777801513672,0.29576683044433594,1.5668883139749674,1.5660091758948398,1.5664533167208194,1.6,2.0,1.62139892578125,1.62054443359375,1.5778961181640625,1.596435546875,104857.6,131072,106260,106204,103409,104624,0,0
model.layers.22.self_attn.o_proj.weight,attn_o,2048,2048,4194304,0.3087046146392822,0.3825650215148926,0.3087303638458252,1.5772684677667472,1.5771857188575182,1.5771290882092286,1.6,2.0,1.5841064453125,1.584075927734375,1.5891475677490234,1.6090850830078125,838860.8,1048576,830528,830512,833171,843624,0,0
model.layers.22.self_attn.q_proj.weight,attn_q,2048,2048,4194304,0.2691049575805664,0.4609251022338867,0.2699699401855469,1.5346638501719712,1.5329829227905263,1.5328418978668896,1.6,2.0,1.5415802001953125,1.5398788452148438,1.5381946563720703,1.5383071899414062,838860.8,1048576,808232,807340,806457,806516,0,0
model.layers.22.self_attn.v_proj.weight,attn_v,256,2048,524288,0.29996681213378906,0.39870643615722656,0.3013267517089844,1.571480222130953,1.5712042017712933,1.568997579159932,1.6,2.0,1.626220703125,1.626129150390625,1.5795135498046875,1.60650634765625,104857.6,131072,106576,106570,103515,105284,0,0
model.layers.23.mlp.down_proj.weight,ffn_down,2048,9216,18874368,0.2817980448404948,0.4362804094950358,0.2819215456644694,1.5519724314901262,1.551945955561843,1.5496517796907625,1.6,2.0,1.553499009874132,1.553482903374566,1.5591888427734375,1.5774434407552083,3774873.6,4718592,3665164,3665126,3678588,3721656,0,0
model.layers.23.mlp.gate_proj.weight,ffn_gate,9216,2048,18874368,0.29470962948269314,0.40356016159057617,0.3017302089267307,1.5693753237379662,1.5687408588650715,1.569205336241719,1.6,2.0,1.5709058973524306,1.5702879163953993,1.5779715643988714,1.590883043077257,3774873.6,4718592,3706232,3704774,3722902,3753364,0,0
model.layers.23.mlp.up_proj.weight,ffn_up,9216,2048,18874368,0.3030412462022569,0.3941640324062771,0.3027947213914659,1.5732701319208509,1.5729887177195847,1.5731683619253234,1.6,2.0,1.5748028225368924,1.574522230360243,1.5776820712619357,1.5906795925564237,3774873.6,4718592,3715426,3714764,3722219,3752884,0,0
model.layers.23.self_attn.k_proj.weight,attn_k,256,2048,524288,0.2400646209716797,0.5198020935058594,0.24013328552246094,1.479066175906116,1.4743435986118558,1.4756768390509287,1.6,2.0,1.533782958984375,1.529693603515625,1.47906494140625,1.47509765625,104857.6,131072,100518,100250,96932,96672,0,0
model.layers.23.self_attn.o_proj.weight,attn_o,2048,2048,4194304,0.30750441551208496,0.38534116744995117,0.30715441703796387,1.5763858214335498,1.5762918189654802,1.5763180474921938,1.6,2.0,1.5832405090332031,1.5831451416015625,1.587472915649414,1.6083221435546875,838860.8,1048576,830074,830024,832293,843224,0,0
model.layers.23.self_attn.q_proj.weight,attn_q,2048,2048,4194304,0.2637054920196533,0.47249317169189453,0.26380133628845215,1.5253225531757488,1.5223653231911083,1.5216980944080016,1.6,2.0,1.5321998596191406,1.5292549133300781,1.5246849060058594,1.5208053588867188,838860.8,1048576,803314,801770,799374,797340,0,0
model.layers.23.self_attn.v_proj.weight,attn_v,256,2048,524288,0.28305625915527344,0.43258094787597656,0.28436279296875,1.5542618026506072,1.5541050763124726,1.551290518760625,1.6,2.0,1.608856201171875,1.6090087890625,1.552490234375,1.5906982421875,104857.6,131072,105438,105448,101744,104248,0,0
model.layers.3.mlp.down_proj.weight,ffn_down,2048,9216,18874368,0.31176959143744576,0.3762206501430935,0.3120097584194607,1.579108279415856,1.5791039324126874,1.5791062119571424,1.6,2.0,1.580640157063802,1.58064693874783,1.5902468363444011,1.6092427571614583,3774873.6,4718592,3729198,3729214,3751863,3796680,0,0
model.layers.3.mlp.gate_proj.weight,ffn_gate,9216,2048,18874368,0.31611352496676975,0.36758560604519314,0.3163008689880371,1.5812145552655994,1.5812128611780594,1.5810719646074087,1.6,2.0,1.5827518039279513,1.5827560424804688,1.5934622022840712,1.6126132541232638,3774873.6,4718592,3734180,3734190,3759449,3804632,0,0
model.layers.3.mlp.up_proj.weight,ffn_up,9216,2048,18874368,0.3098946147494846,0.380203300052219,0.30990208519829643,1.577982180056379,1.5779795744760998,1.577943852171854,1.6,2.0,1.5795237223307292,1.5795245700412326,1.5886522928873699,1.6094309488932292,3774873.6,4718592,3726564,3726566,3748101,3797124,0,0
model.layers.3.self_attn.k_proj.weight,attn_k,256,2048,524288,0.32759857177734375,0.3433418273925781,0.3290596008300781,1.5846365888304426,1.580116261523892,1.5813334940867767,1.6,2.0,1.63970947265625,1.63458251953125,1.5944671630859375,1.5894775390625,104857.6,131072,107460,107124,104495,104168,0,0
model.layers.3.self_attn.o_proj.weight,attn_o,2048,2048,4194304,0.300795316696167,0.397998571395874,0.301206111907959,1.5717690137970033,1.5717315675721313,1.5717576728844618,1.6,2.0,1.5785980224609375,1.5785942077636719,1.5826854705810547,1.6045608520507812,838860.8,1048576,827640,827638,829783,841252,0,0
model.layers.3.self_attn.q_proj.weight,attn_q,2048,2048,4194304,0.30903005599975586,0.38248515129089355,0.3084847927093506,1.5772928150210928,1.5752519363525097,1.574961256769385,1.6,2.0,1.5841789245605469,1.5821189880371094,1.5730934143066406,1.57891845703125,838860.8,1048576,830566,829486,824754,827808,0,0
model.layers.3.self_attn.v_proj.weight,attn_v,256,2048,524288,0.29857444763183594,0.40136146545410156,0.3000640869140625,1.5703772922800359,1.5703695904695536,1.570193318470022,1.6,2.0,1.625244140625,1.625457763671875,1.5807342529296875,1.61529541015625,104857.6,131072,106512,106526,103595,105860,0,0
model.layers.4.mlp.down_proj.weight,ffn_down,2048,9216,18874368,0.30011918809678817,0.39970530403984916,0.3001755078633626,1.571072639471344,1.5710707816020855,1.5710727962971454,1.6,2.0,1.57261233859592,1.5726097954644098,1.581779056125217,1.6016693115234375,3774873.6,4718592,3710258,3710252,3731885,3778812,0,0
model.layers.4.mlp.gate_proj.weight,ffn_gate,9216,2048,18874368,0.31012678146362305,0.377965768178304,0.31190745035807294,1.5786231839473355,1.578618009723999,1.5784856480971277,1.6,2.0,1.580150180392795,1.5801510281032987,1.5895860460069444,1.6099717881944444,3774873.6,4718592,3728042,3728044,3750304,3798400,0,0
model.layers.4.mlp.up_proj.weight,ffn_up,9216,2048,18874368,0.31126557456122506,0.3773122893439399,0.31142213609483504,1.5788093205786502,1.578807144008237,1.5787650360683159,1.6,2.0,1.5803341335720487,1.5803460015190973,1.5898174709743924,1.6109280056423612,3774873.6,4718592,3728476,3728504,3750850,3800656,0,0
model.layers.4.self_attn.k_proj.weight,attn_k,256,2048,524288,0.32729339599609375,0.3470458984375,0.32566070556640625,1.5843532423643931,1.5827195702764585,1.5835789293011624,1.6,2.0,1.639373779296875,1.6363525390625,1.593505859375,1.60821533203125,104857.6,131072,107438,107240,104432,105396,0,0
model.layers.4.self_attn.o_proj.weight,attn_o,2048,2048,4194304,0.2988436222076416,0.40238404273986816,0.29877233505249023,1.569944049526884,1.5699201197217452,1.5699339759507138,1.6,2.0,1.5768051147460938,1.5768089294433594,1.5801715850830078,1.6028823852539062,838860.8,1048576,826700,826702,828465,840372,0,0
model.layers.4.self_attn.q_proj.weight,attn_q,2048,2048,4194304,0.30974626541137695,0.3806595802307129,0.30959415435791016,1.577846924279906,1.5761234358779164,1.5758680049139648,1.6,2.0,1.584716796875,1.5830192565917969,1.5773029327392578,1.5830459594726562,838860.8,1048576,830848,829958,826961,829972,0,0
model.layers.4.self_attn.v_proj.weight,attn_v,256,2048,524288,0.320068359375,0.36112022399902344,0.31881141662597656,1.582487124218202,1.5824863106498706,1.5820256407792253,1.6,2.0,1.638458251953125,1.6385498046875,1.5958099365234375,1.62701416015625,104857.6,131072,107378,107384,104583,106628,0,0
model.layers.5.mlp.down_proj.weight,ffn_down,2048,9216,18874368,0.3071236080593533,0.3859415054321289,0.3069348865085178,1.5761889053600586,1.5761872265391355,1.5761834923588949,1.6,2.0,1.5777274237738714,1.5777248806423612,1.5869077046712239,1.6078575981987848,3774873.6,4718592,3722326,3722320,3743985,3793412,0,0
model.layers.5.mlp.gate_proj.weight,ffn_gate,9216,2048,18874368,0.3080654674106174,0.38128158781263566,0.310652944776747,1.5776527476657958,1.5776330238561875,1.577491106272465,1.6,2.0,1.5791922675238714,1.5791744656032987,1.5887603759765625,1.6091122097439237,3774873.6,4718592,3725782,3725740,3748356,3796372,0,0
model.layers.5.mlp.up_proj.weight,ffn_up,9216,2048,18874368,0.3025461832682292,0.3946604198879666,0.30279339684380424,1.5730808250858512,1.573070058976187,1.5730397122472577,1.6,2.0,1.574613783094618,1.5746163262261286,1.583205329047309,1.6040293375651042,3774873.6,4718592,3714980,3714986,3735250,3784380,0,0
model.layers.5.self_attn.k_proj.weight,attn_k,256,2048,524288,0.31934547424316406,0.3599510192871094,0.32070350646972656,1.582689426283272,1.5813894762028111,1.5816941737678336,1.6,2.0,1.637786865234375,1.63690185546875,1.5978240966796875,1.60833740234375,104857.6,131072,107334,107276,104715,105404,0,0
model.layers.5.self_attn.o_proj.weight,attn_o,2048,2048,4194304,0.3043386936187744,0.390979528427124,0.30468177795410156,1.5744490963601638,1.5744388271363197,1.5744462042893597,1.6,2.0,1.5813407897949219,1.5813560485839844,1.5857257843017578,1.60784912109375,838860.8,1048576,829078,829086,831377,842976,0,0
model.layers.5.self_attn.q_proj.weight,attn_q,2048,2048,4194304,0.30696845054626465,0.38649559020996094,0.3065359592437744,1.5760049416015725,1.5748667763393969,1.5746120185751007,1.6,2.0,1.5828666687011719,1.5817146301269531,1.576812744140625,1.5857925415039062,838860.8,1048576,829878,829274,826704,831412,0,0
model.layers.5.self_attn.v_proj.weight,attn_v,256,2048,524288,0.2920036315917969,0.416046142578125,0.2919502258300781,1.5635202485845925,1.563491082022621,1.5631846882356086,1.6,2.0,1.6182861328125,1.618408203125,1.5753936767578125,1.60845947265625,104857.6,131072,106056,106064,103245,105412,0,0
model.layers.6.mlp.down_proj.weight,ffn_down,2048,9216,18874368,0.30448484420776367,0.39096636242336696,0.30454879336886936,1.574453978099822,1.5744521551843607,1.574450873675331,1.6,2.0,1.5759921603732638,1.5759930080837674,1.5846714443630643,1.6059451633029513,3774873.6,4718592,3718232,3718234,3738709,3788900,0,0
model.layers.6.mlp.gate_proj.weight,ffn_gate,9216,2048,18874368,0.30593978034125435,0.38417847951253253,0.3098817401462131,1.5767430883771574,1.5767325092956663,1.5765775706415843,1.6,2.0,1.5782699584960938,1.5782699584960938,1.5879881117078993,1.6075473361545138,3774873.6,4718592,3723606,3723606,3746534,3792680,0,0
model.layers.6.mlp.up_proj.weight,ffn_up,9216,2048,18874368,0.29825305938720703,0.40319691763983834,0.29855002297295463,1.5695929559556854,1.5695848070873137,1.5695525320000145,1.6,2.0,1.5711271497938368,1.571134779188368,1.5797869364420574,1.6014929877387152,3774873.6,4718592,3706754,3706772,3727185,3778396,0,0
model.layers.6.self_attn.k_proj.weight,attn_k,256,2048,524288,0.2655658721923828,0.4693775177001953,0.2650566101074219,1.5279147003067801,1.4978769551841622,1.5032150820687569,1.6,2.0,1.58245849609375,1.55279541015625,1.4852142333984375,1.44769287109375,104857.6,131072,103708,101764,97335,94876,0,0
model.layers.6.self_attn.o_proj.weight,attn_o,2048,2048,4194304,0.3015737533569336,0.3968772888183594,0.30154895782470703,1.5722173015781062,1.5719682851611987,1.5720012080714896,1.6,2.0,1.5790519714355469,1.5788383483886719,1.5826435089111328,1.6046981811523438,838860.8,1048576,827878,827766,829761,841324,0,0
model.layers.6.self_attn.q_proj.weight,attn_q,2048,2048,4194304,0.26297950744628906,0.47370171546936035,0.2633187770843506,1.5243016705597525,1.5150377637747932,1.5144855080457482,1.6,2.0,1.5311279296875,1.521881103515625,1.4928321838378906,1.4733123779296875,838860.8,1048576,802752,797904,782674,772440,0,0
model.layers.6.self_attn.v_proj.weight,attn_v,256,2048,524288,0.3107948303222656,0.3785438537597656,0.31066131591796875,1.578463221888808,1.5782043799641474,1.5767106794361068,1.6,2.0,1.63360595703125,1.633636474609375,1.5865020751953125,1.61065673828125,104857.6,131072,107060,107062,103973,105556,0,0
model.layers.7.mlp.down_proj.weight,ffn_down,2048,9216,18874368,0.30321963628133136,0.3932323455810547,0.30354801813761395,1.5736213720961165,1.5736190929081473,1.5736066030435936,1.6,2.0,1.5751512315538194,1.575148688422309,1.5837457444932725,1.6042039659288194,3774873.6,4718592,3716248,3716242,3736525,3784792,0,0
model.layers.7.mlp.gate_proj.weight,ffn_gate,9216,2048,18874368,0.29378387663099503,0.4083925353156196,0.29782358805338544,1.5672362614549573,1.567178159615458,1.5670120053388432,1.6,2.0,1.5687789916992188,1.568714565700955,1.577543470594618,1.597593519422743,3774873.6,4718592,3701214,3701062,3721892,3769196,0,0
model.layers.7.mlp.up_proj.weight,ffn_up,9216,2048,18874368,0.29880428314208984,0.40209076139662003,0.2991049554612901,1.5700696101962635,1.5700529605849205,1.5700384954853353,1.6,2.0,1.57159423828125,1.5715883043077257,1.5801963806152344,1.6005588107638888,3774873.6,4718592,3707856,3707842,3728151,3776192,0,0
model.layers.7.self_attn.k_proj.weight,attn_k,256,2048,524288,0.30533409118652344,0.38983154296875,0.30483436584472656,1.5748589130200363,1.572202350819356,1.572951008684258,1.6,2.0,1.62945556640625,1.627471923828125,1.58660888671875,1.59124755859375,104857.6,131072,106788,106658,103980,104284,0,0
model.layers.7.self_attn.o_proj.weight,attn_o,2048,2048,4194304,0.3041651248931885,0.39149928092956543,0.3043355941772461,1.574260959111344,1.5742413621668465,1.5742487831643486,1.6,2.0,1.5811309814453125,1.5811386108398438,1.5848102569580078,1.606842041015625,838860.8,1048576,828968,828972,830897,842448,0,0
model.layers.7.self_attn.q_proj.weight,attn_q,2048,2048,4194304,0.28499627113342285,0.43122124671936035,0.2837824821472168,1.555084123332703,1.5512853684161438,1.5510119221329746,1.6,2.0,1.5619125366210938,1.5581550598144531,1.5443344116210938,1.5438003540039062,838860.8,1048576,818892,816922,809676,809396,0,0
model.layers.7.self_attn.v_proj.weight,attn_v,256,2048,524288,0.28685951232910156,0.4250316619873047,0.28810882568359375,1.5586884473014928,1.5586584312550507,1.558133580215706,1.6,2.0,1.613525390625,1.613677978515625,1.5695648193359375,1.6036376953125,104857.6,131072,105744,105754,102863,105096,0,0
model.layers.8.mlp.down_proj.weight,ffn_down,2048,9216,18874368,0.29206403096516925,0.41597821977403426,0.29195774926079643,1.5635549254826122,1.5635515513529505,1.563547951579789,1.6,2.0,1.565095689561632,1.565092298719618,1.5747155083550348,1.5941365559895833,3774873.6,4718592,3692524,3692516,3715220,3761040,0,0
model.layers.8.mlp.gate_proj.weight,ffn_gate,9216,2048,18874368,0.2918231222364638,0.41303253173828125,0.29514434602525497,1.5650193335062328,1.564989258680429,1.564700617628381,1.6,2.0,1.5665622287326388,1.5665274726019964,1.57537841796875,1.5958675808376737,3774873.6,4718592,3695984,3695902,3716784,3765124,0,0
model.layers.8.mlp.up_proj.weight,ffn_up,9216,2048,18874368,0.29332367579142254,0.41352499855889213,0.2931513256496853,1.564789357605397,1.5647830331922887,1.5647482912020436,1.6,2.0,1.5663121541341145,1.5663172403971355,1.5754343668619792,1.5957472059461806,3774873.6,4718592,3695394,3695406,3716916,3764840,0,0
model.layers.8.self_attn.k_proj.weight,attn_k,256,2048,524288,0.27704811096191406,0.4464607238769531,0.2764911651611328,1.5452521554489023,1.5165415308945271,1.5170002483838059,1.6,2.0,1.599884033203125,1.5716552734375,1.4920501708984375,1.4671630859375,104857.6,131072,104850,103000,97783,96152,0,0
model.layers.8.self_attn.o_proj.weight,attn_o,2048,2048,4194304,0.3005039691925049,0.39900851249694824,0.3004875183105469,1.5713591431456724,1.5712946528048632,1.5713278752457174,1.6,2.0,1.5782127380371094,1.5781593322753906,1.581930160522461,1.603363037109375,838860.8,1048576,827438,827410,829387,840624,0,0
model.layers.8.self_attn.q_proj.weight,attn_q,2048,2048,4194304,0.26519298553466797,0.4697856903076172,0.26502132415771484,1.5275785785242713,1.5200802000106055,1.5189999319249545,1.6,2.0,1.5344696044921875,1.5270156860351562,1.5050296783447266,1.4877166748046875,838860.8,1048576,804504,800596,789069,779992,0,0
model.layers.8.self_attn.v_proj.weight,attn_v,256,2048,524288,0.30803680419921875,0.38474464416503906,0.3072185516357422,1.5765787719183022,1.5765671894155937,1.5761163298168182,1.6,2.0,1.631927490234375,1.6319580078125,1.588623046875,1.62066650390625,104857.6,131072,106950,106952,104112,106212,0,0
model.layers.9.mlp.down_proj.weight,ffn_down,2048,9216,18874368,0.2974673377143012,0.4050043953789605,0.2975282669067383,1.568798408794335,1.5687960421654568,1.5687630194249094,1.6,2.0,1.5703404744466145,1.570343017578125,1.578957027859158,1.6004435221354167,3774873.6,4718592,3704898,3704904,3725227,3775920,0,0
model.layers.9.mlp.gate_proj.weight,ffn_gate,9216,2048,18874368,0.28843556510077584,0.4204106330871582,0.29115380181206596,1.5612247835182562,1.561197589416207,1.5608634508191117,1.6,2.0,1.5627721150716145,1.5627288818359375,1.571030510796441,1.5912729899088542,3774873.6,4718592,3687042,3686940,3706526,3754284,0,0
model.layers.9.mlp.up_proj.weight,ffn_up,9216,2048,18874368,0.3013673358493381,0.3973343637254503,0.3012983004252116,1.5720355550807361,1.57202668676713,1.5720013085244622,1.6,2.0,1.5735744900173612,1.5735744900173612,1.58237796359592,1.6038292778862848,3774873.6,4718592,3712528,3712528,3733298,3783908,0,0
model.layers.9.self_attn.k_proj.weight,attn_k,256,2048,524288,0.25205230712890625,0.49479103088378906,0.2531566619873047,1.5051289360040025,1.4874836287539357,1.4909056623649382,1.6,2.0,1.559967041015625,1.542572021484375,1.4934539794921875,1.4659423828125,104857.6,131072,102234,101094,97875,96072,0,0
model.layers.9.self_attn.o_proj.weight,attn_o,2048,2048,4194304,0.2774629592895508,0.44548964500427246,0.27704739570617676,1.545919478575771,1.5459058396040808,1.545910782890331,1.6,2.0,1.5527839660644531,1.5528144836425781,1.5542488098144531,1.5778732299804688,838860.8,1048576,814106,814122,814874,827260,0,0
model.layers.9.self_attn.q_proj.weight,attn_q,2048,2048,4194304,0.27528953552246094,0.4489173889160156,0.27579307556152344,1.5435398936351061,1.5395731389113143,1.539532586790398,1.6,2.0,1.5504493713378906,1.5464248657226562,1.5498924255371094,1.5331268310546875,838860.8,1048576,812882,810772,812590,803800,0,0
model.layers.9.self_attn.v_proj.weight,attn_v,256,2048,524288,0.31754112243652344,0.36627960205078125,0.3161792755126953,1.5814908661578964,1.5814771349131829,1.5805056414510537,1.6,2.0,1.638275146484375,1.638458251953125,1.5951080322265625,1.62664794921875,104857.6,131072,107366,107378,104537,106604,0,0
